ProductID,ProductName,Category,Brand,Price,Discount,Stock,Supplier,WarrantyMonths,Rating
PROD0001,Speech Range,,Brooks PLC,9324.2,,,Gonzalez Ltd,6.0,
PROD0002,Likely Improve,Home & Kitchen,"Schneider, Chavez and Jones",4290.22,,586,"James, Payne and Craig",0.0,
PROD0003,Partner Other,Sports,Hughes Group,5126.73,,577,Miller-Wong,24.0,4.3
PROD0004,Although Hot,Footwear,"Anderson, Garner and Ortiz",3966.06,,,Glover Group,24.0,
PROD0005,Of Office,Home & Kitchen,"Wright, Allison and Vargas",6820.92,10.67,,Lewis PLC,0.0,1.4
PROD0006,Campaign Run,Books,Stephens-Lang,6603.75,18.09,,Cooper-Smith,0.0,
PROD0007,Something Office,Books,Kennedy LLC,3795.74,,,Reynolds-Griffin,0.0,3.5
PROD0008,Action Both,Books,Marquez-Brown,3697.71,46.42,428,Young Group,24.0,
PROD0009,Live Behind,Electronics,Norton-Moore,1670.73,,,Woods LLC,6.0,
PROD0010,Far Law,Home & Kitchen,"Anthony, Terrell and Hinton",9787.66,40.98,,"Sanchez, Rogers and Hayes",6.0,
PROD0011,Resource Crime,Footwear,Scott LLC,6857.77,,,,,
PROD0012,Reveal Specific,Electronics,Davis Group,1546.05,,,Mueller-Brandt,24.0,3.5
PROD0013,Doctor Beautiful,Clothing,Johnson Group,9293.58,11.93,,Silva-Lyons,6.0,
PROD0014,Bill Fast,Footwear,Barber-Brown,7999.33,,,,6.0,
PROD0015,Capital Know,Footwear,,,,,Phillips-Marshall,6.0,
PROD0016,Husband People,Footwear,Morgan-Harrison,1742.7,,625,Brown-Rodgers,24.0,
PROD0017,Next Put,Sports,Taylor-Foster,2280.71,,85,Arnold Inc,12.0,
PROD0018,Hundred Operation,Clothing,Miller Group,9665.98,5.94,726,Christensen-Johnson,,
PROD0019,Later Finally,,Robertson Ltd,83.98,38.26,,Jones-Rodriguez,0.0,1.2
PROD0020,Notice From,Books,Salas Inc,1034.4,,,Mitchell PLC,,
PROD0021,Even Increase,Clothing,Shepherd-Franklin,6842.01,1.34,87,Powers-Lopez,24.0,
PROD0022,Whose Response,Books,Silva-Medina,6573.26,,,Walton PLC,12.0,3.1
PROD0023,Group Indicate,Electronics,Jones Inc,5084.92,40.39,,May-Nichols,,
PROD0024,Question Power,Clothing,"Hall, Martinez and Cooper",7462.19,43.53,107,Castillo Inc,,
PROD0025,Hour Race,Footwear,"Higgins, Nguyen and Owens",3326.68,,,Bell Ltd,24.0,
PROD0026,Decision Defense,Home & Kitchen,Raymond and Sons,6885.89,,436,"Williams, Rogers and Gray",0.0,
PROD0027,Suggest Thus,Sports,Clarke-Kirk,166.4,,958,Mccoy PLC,0.0,
PROD0028,Music Pay,Clothing,Chavez LLC,261.22,,,"Hernandez, Rogers and Burton",0.0,
PROD0029,Loss To,Electronics,Hamilton-Smith,2793.2,,,Delacruz Inc,6.0,1.8
PROD0030,Ask Charge,Electronics,Bradley-Franklin,7210.66,30.9,,Barnes PLC,0.0,2.4
PROD0031,Option No,Books,"Hill, Pollard and Johnson",8286.14,,,"Eaton, Fry and Perkins",24.0,
PROD0032,Hour Out,Sports,Gibbs-Taylor,3761.95,,,Gibson PLC,24.0,4.1
PROD0033,Animal Key,Footwear,"Sellers, Smith and Chavez",2331.0,40.27,,"Rios, Carlson and Anderson",12.0,
PROD0034,Interview But,Home & Kitchen,Barker-Henderson,4936.94,,12,"Simmons, Bradley and King",24.0,
PROD0035,Adult Control,Home & Kitchen,Daniels-Mcknight,8592.36,16.55,,Avila-Flores,6.0,2.4
PROD0036,Do Mean,Clothing,Bowman Inc,3652.9,,,Smith-Boone,0.0,4.4
PROD0037,Yourself Environmental,Books,"Davis, Becker and Gray",1012.78,20.3,,Martinez-Davenport,6.0,
PROD0038,Group Mrs,Sports,"Wilson, Allison and Gonzalez",4726.54,46.25,,Martin Inc,24.0,
PROD0039,School Author,Electronics,Wilson Group,7663.48,8.46,497,Shaw-Gray,0.0,4.3
PROD0040,Friend Sport,Sports,"Smith, Smith and Roberts",684.86,42.63,,"Peters, Smith and Tucker",,2.9
PROD0041,Establish Role,,"Long, Hill and Frost",7101.59,,,Lamb Group,24.0,
PROD0042,Industry Represent,,"Ball, Davila and Smith",2207.36,4.18,,Ashley PLC,12.0,
PROD0043,Boy Student,Home & Kitchen,Lewis-Smith,704.49,,,"Hughes, Cooke and Sullivan",12.0,1.9
PROD0044,Onto Commercial,Electronics,Dodson Inc,1674.57,2.15,,"Taylor, Browning and Snyder",,
PROD0045,Leave Individual,,"Bowman, Green and Murphy",5538.82,31.07,,"Knight, Macias and Butler",6.0,
PROD0046,Sound Type,Footwear,Hernandez-Solis,7709.96,,,"Sandoval, Warren and Marshall",6.0,2.7
PROD0047,Message Factor,Footwear,"Moore, Miller and Lewis",5650.02,47.66,,Thomas Group,12.0,
PROD0048,Around Produce,Home & Kitchen,House Group,7657.64,,,Fischer PLC,,1.5
PROD0049,Second Piece,,Brooks and Sons,4090.02,,427,"Edwards, Mcclure and George",6.0,
PROD0050,Those Avoid,Books,Gibson Inc,622.44,,782,Stephenson-Lamb,,3.5
PROD0051,Nice Item,Clothing,"Arroyo, Villegas and Atkins",6750.77,,,Wright PLC,,
PROD0052,Mention Claim,Clothing,Shepherd-Alexander,8810.18,,630,Brown Ltd,0.0,1.9
PROD0053,Member Knowledge,,Phillips-Dunn,1449.71,,400,Gomez Ltd,6.0,
PROD0054,,Footwear,Fowler-Pearson,1735.76,,,"Johnson, Palmer and Perez",12.0,4.5
PROD0055,Executive Director,Electronics,Hood Group,3712.06,,555,"Peters, Turner and Jacobs",6.0,
PROD0056,Century Certainly,,Cooper-Gates,5772.7,,,Mccarthy-Willis,24.0,
PROD0057,Establish Year,Home & Kitchen,Nelson Ltd,8748.14,27.02,533,"Hamilton, Wilson and Smith",,3.1
PROD0058,Drug Agent,Home & Kitchen,Brooks and Sons,3293.72,,,"Knight, Rivas and Johnson",,
PROD0059,Mind Measure,Sports,Escobar-Harris,5993.7,,636,"Kim, Blankenship and Bradley",12.0,4.8
PROD0060,Three Class,Sports,Lambert Ltd,8311.71,,483,Rosales PLC,,
PROD0061,Audience Her,Sports,"Mcguire, Green and Reyes",4996.73,,,Brown LLC,0.0,
PROD0062,Almost Conference,Footwear,"Morris, Pratt and Allen",3444.86,,,"Thompson, Smith and Rhodes",0.0,
PROD0063,Less Detail,Sports,"Carr, Hester and Arnold",3195.65,40.08,,"Noble, Chandler and Williams",0.0,
PROD0064,Her Model,Home & Kitchen,Rodriguez Group,9218.17,,,Roth-Smith,6.0,
PROD0065,Human Process,Clothing,"Chen, Mccarthy and Simon",8139.2,23.58,,Baker Group,24.0,3.6
PROD0066,Street Space,Clothing,Jones PLC,2061.33,,,"Abbott, Thomas and Sharp",12.0,
PROD0067,Decade Such,Clothing,Walker LLC,6639.02,,,Garcia-Rice,24.0,3.8
PROD0068,At Next,Books,Gonzalez Group,3609.87,,424,Middleton Ltd,,2.3
PROD0069,Sport Next,Electronics,"Jackson, Jensen and Bennett",4896.11,14.05,532,"Rosario, Boyd and Mora",6.0,
PROD0070,Hundred Performance,Home & Kitchen,"Miranda, Jensen and Price",6999.07,,,"Boyer, Smith and Burns",,
PROD0071,Might Environmental,,Edwards-Estrada,822.68,,,"Henderson, King and Jones",0.0,
PROD0072,Source Develop,,Jones Group,1317.93,,,"Livingston, Cole and Mack",0.0,2.5
PROD0073,Hour Sing,,Miller-Gates,6638.07,,692,Coffey-White,0.0,
PROD0074,Author Day,Clothing,Davis-Jennings,3696.54,,,Johnston PLC,0.0,4.7
PROD0075,From Else,,Phillips Group,4752.89,,,Jennings Group,24.0,
PROD0076,Practice Can,Footwear,"Salas, Peterson and Calhoun",2811.82,,,"Weiss, Peterson and Jones",24.0,4.6
PROD0077,Bed Statement,,Jackson Ltd,2522.28,,,Morales-Mccarty,12.0,4.8
PROD0078,Take Food,Books,Smith-Richmond,4527.32,,,Mendez-Hall,24.0,1.6
PROD0079,Return Campaign,,"Brown, Martin and Richards",3784.69,,,,0.0,4.4
PROD0080,Push Country,Footwear,Kennedy Ltd,5299.4,,,Waters Ltd,,1.8
PROD0081,Suddenly Organization,Electronics,"Gill, Harris and Gonzalez",7756.32,48.2,,,0.0,1.3
PROD0082,Value Peace,Sports,"Taylor, Murray and Brown",5535.36,20.11,,"Allen, Kelley and Vargas",0.0,
PROD0083,Forget Audience,Sports,Bullock Inc,4473.98,,,Castro-Cain,6.0,3.9
PROD0084,He Dinner,Sports,Mcbride-Martin,5214.03,0.06,,"May, Mann and Fields",12.0,
PROD0085,Talk Go,Clothing,"Smith, Lopez and Brown",890.19,,265,Rivers Ltd,6.0,2.2
PROD0086,Management Than,Sports,"Ruiz, Zimmerman and Davis",4482.9,,,Montgomery-Howard,,
PROD0087,Kitchen Beat,Electronics,"Brown, Brewer and Crane",8397.39,32.14,,"Smith, Knight and Stewart",0.0,
PROD0088,Skin That,Clothing,"Lopez, Lewis and Alexander",9205.41,47.28,607,,6.0,
PROD0089,One Adult,Electronics,Foley LLC,487.92,,,,,3.6
PROD0090,Treat Marriage,Clothing,Williams-Fowler,4450.46,,,,,
PROD0091,Turn Risk,,"Perez, Stout and Mitchell",6982.68,46.9,507,George-Franklin,0.0,1.6
PROD0092,Return Recently,Footwear,"Odonnell, Morris and Jacobs",3575.12,,,"Flynn, Perry and Newton",0.0,
PROD0093,Cover Food,Home & Kitchen,"Morris, Warner and Marquez",9084.13,,,Lopez-Harrison,24.0,3.3
PROD0094,Mean Policy,Books,"Burton, Hines and Chavez",2146.55,,,"Stevens, Herring and Cardenas",24.0,3.7
PROD0095,Shake Inside,Footwear,Guzman-Mcgrath,9122.45,35.42,,Lopez-Walsh,6.0,
PROD0096,Direction Teach,Clothing,Stevens-Macdonald,5263.58,4.4,829,"Li, Avery and Collins",12.0,
PROD0097,Real Know,Home & Kitchen,Meyers Group,8380.99,,,Gray-Wiggins,0.0,4.9
PROD0098,Over Television,Electronics,Simpson-Jones,3368.36,28.13,977,,0.0,
PROD0099,Seven Various,,King and Sons,7675.53,24.51,,"Greene, Murphy and Pham",24.0,
PROD0100,Director Attention,,Peters PLC,9827.19,,,"Lee, Case and Walker",0.0,
PROD0101,Spend With,Sports,"Pittman, Neal and Reed",2589.97,17.84,218,Andrade-Davis,0.0,
PROD0102,Car So,Footwear,"Miller, Wright and Johnson",587.6,,,Walters-Barrett,24.0,3.9
PROD0103,Together Risk,Books,,6256.19,20.16,705,Ward PLC,24.0,
PROD0104,Must Figure,,"Jensen, Smith and Delacruz",4245.37,,,Craig-Arnold,6.0,
PROD0105,Blue Glass,Sports,"Young, Perez and Moran",4959.4,,,Ortiz-Cameron,,
PROD0106,Day Notice,Electronics,Harris Group,3427.6,46.27,128,Meza-Williams,24.0,
PROD0107,Even Thousand,Clothing,,328.07,,952,Hogan-Scott,12.0,
PROD0108,Candidate Several,Clothing,"Boyd, Sanders and Gamble",3747.44,,,"Ball, Phillips and Smith",0.0,
PROD0109,Yourself Prevent,,"Bailey, Taylor and Wolf",6656.81,,292,Holt Inc,0.0,
PROD0110,Race Interest,Sports,Brown Inc,4199.99,46.37,,Davis-Jones,24.0,3.9
PROD0111,Claim Bar,Books,"Howe, Escobar and Thompson",1266.75,,405,Anderson Inc,,3.8
PROD0112,Seven View,Books,Sandoval-Patton,6855.37,,501,Gardner-Anderson,0.0,
PROD0113,Plant Others,Footwear,Schmidt-Davis,,,,"Baker, Wilkerson and Smith",12.0,
PROD0114,Chance Anyone,Clothing,"Shepard, Perez and Calhoun",9086.16,39.17,,"Gomez, Jones and Hunt",0.0,1.4
PROD0115,Reach Option,,"White, Quinn and Miller",206.5,,,Hill-Garcia,6.0,
PROD0116,Message Now,Clothing,Jackson-Walker,122.98,,307,Willis-Barker,,
PROD0117,Her Effect,Books,"Gomez, Mcgee and Copeland",4578.96,,,,0.0,
PROD0118,Once Pick,Clothing,"Martinez, Parker and Austin",866.68,,,"Rocha, Walker and Torres",,
PROD0119,Agency Defense,Electronics,"Hanson, Frazier and Roth",5797.63,24.07,,Davis Group,6.0,
PROD0120,Always Husband,Clothing,"Chaney, Reese and Burke",8905.96,,,Brewer-Jones,24.0,
PROD0121,Best Ok,Books,Garner-Smith,6784.98,,122,"Ruiz, Orr and Roberts",24.0,
PROD0122,Live Option,Sports,Larsen-Morales,683.07,,,Cohen Group,0.0,
PROD0123,Professor Rest,Footwear,Cox-Lawson,1392.62,,243,Stewart LLC,,
PROD0124,Light Turn,Electronics,Boone-Flores,2428.61,5.4,,Khan-Savage,12.0,4.1
PROD0125,Partner Natural,Sports,"Benson, Benson and Wilson",6088.38,43.33,,Escobar Group,24.0,
PROD0126,About Campaign,Home & Kitchen,Stevens PLC,3248.82,,,Walker LLC,6.0,
PROD0127,Him Only,Footwear,Johnson-Stein,7242.5,,141,"Garcia, Arnold and Garcia",6.0,
PROD0128,Music Must,Clothing,Lewis Inc,8607.02,46.27,,Hernandez Group,0.0,4.7
PROD0129,Better Standard,Clothing,Mitchell-Walter,2297.01,10.48,,"Singleton, Jackson and Mason",,4.0
PROD0130,Note Drop,,"Jones, Cox and Walters",6594.57,27.12,,Adams-Reese,0.0,
PROD0131,Increase Recognize,Books,Mendoza Ltd,8367.34,,281,Hammond-Steele,24.0,
PROD0132,Shoulder Protect,Clothing,Meyers Ltd,6633.14,37.64,,Wood Ltd,,
PROD0133,Position Phone,Clothing,"Robinson, Rivas and Gardner",6336.43,30.47,,Jenkins-Roberson,0.0,
PROD0134,Service Model,Sports,Ingram-Berger,4273.72,,,Zamora-Richard,24.0,
PROD0135,Outside Reveal,Footwear,Glass-Miller,,,555,"Robertson, Powell and Blackburn",,2.8
PROD0136,How Report,,Saunders-Cook,3372.95,35.02,,"Barker, Keith and Waters",,
PROD0137,Sport Medical,Home & Kitchen,Smith Ltd,6081.08,,,Velez-Glover,12.0,4.2
PROD0138,Understand Suggest,,"Garcia, Long and Torres",9674.47,3.0,,Foley-Morrison,0.0,
PROD0139,Then Great,Home & Kitchen,Palmer PLC,6514.64,,,"Clark, Garcia and Zamora",24.0,1.9
PROD0140,Nice Six,Clothing,Flynn Group,580.48,,,Davidson and Sons,12.0,
PROD0141,Election Whose,Clothing,Johnson and Sons,7812.83,,,,6.0,
PROD0142,Control Man,Footwear,"Harris, Rhodes and Solis",8555.02,4.09,,"Taylor, Freeman and Odonnell",24.0,
PROD0143,Husband Voice,Books,Tucker-Mcmillan,9410.21,30.24,130,Maynard-Diaz,12.0,
PROD0144,Sort Forward,Sports,"Rosales, Alexander and Mendez",4921.3,,,"Chandler, Hood and Colon",6.0,1.2
PROD0145,Truth Coach,Footwear,Perez Inc,2692.74,,257,"Jones, Sanchez and Price",24.0,2.6
PROD0146,Table First,Clothing,Wells Group,8865.2,,527,,,3.8
PROD0147,Situation Keep,Books,Ruiz-Callahan,3204.78,23.48,,"Barry, Jensen and Cruz",0.0,
PROD0148,Computer Generation,Sports,Barajas-Rocha,4140.97,,,Krause Inc,,
PROD0149,Attack Bring,,Chandler LLC,,22.93,,Gonzalez-Gilbert,,4.2
PROD0150,National Sort,Electronics,Kerr LLC,5773.1,,,Oconnell and Sons,,
PROD0151,Here Good,Clothing,"Carr, Townsend and Bryant",7366.85,22.08,,"Jones, Garner and Lynch",0.0,4.0
PROD0152,,,Jones PLC,8698.51,,444,"Roth, James and Butler",,
PROD0153,Watch Plan,Books,Daniel Group,8805.29,21.23,,Fitzgerald Ltd,24.0,
PROD0154,Make Others,Books,"Mccarthy, Hughes and Young",7249.56,4.36,,Thomas PLC,24.0,3.4
PROD0155,Prepare So,Electronics,"Powers, Thomas and Webb",6434.97,,,"Burns, Morrison and Richardson",12.0,
PROD0156,Yourself Red,Electronics,Young-Luna,9502.01,,680,"Johnson, Delacruz and Sutton",24.0,
PROD0157,Senior Chance,Books,James-Rodriguez,6507.57,47.76,,"Meyer, Jones and Miller",12.0,
PROD0158,Middle Three,Electronics,Ayers LLC,8908.53,,,Mason-Waller,0.0,
PROD0159,Skin Nearly,,"Hunter, Herring and Anderson",2062.45,23.56,253,Trevino-Robinson,12.0,
PROD0160,Hold Great,Home & Kitchen,Herring-Vang,2941.82,,648,Green-Lopez,24.0,
PROD0161,Suddenly Prove,Clothing,Gonzalez Ltd,9871.46,,,,12.0,2.1
PROD0162,Cover Field,Electronics,Lawson and Sons,7058.44,,235,Stone Inc,0.0,2.1
PROD0163,Eight Right,Clothing,Spence Inc,4223.72,,,"Burke, Romero and Mcdonald",0.0,1.2
PROD0164,Would Around,Footwear,Vasquez-Hardin,8187.05,,,Ross Group,12.0,
PROD0165,How High,Home & Kitchen,Marks-Morris,7703.27,,,Stuart-Lee,,
PROD0166,Program Music,,Kennedy LLC,8744.81,,,Green and Sons,,4.6
PROD0167,Century Particular,Clothing,Thomas LLC,2024.8,23.23,327,,24.0,
PROD0168,Check Step,Home & Kitchen,Hardin PLC,3235.34,,640,Henry-Terry,24.0,
PROD0169,He Remain,Home & Kitchen,Figueroa-Roach,7579.87,42.34,,Lee LLC,6.0,
PROD0170,Memory View,Electronics,"Stewart, Morgan and Mitchell",6882.62,32.8,,"Gibson, Franklin and Johnson",12.0,4.5
PROD0171,Exactly Shake,Footwear,Martin Inc,9111.0,22.06,,"Pacheco, Brown and Smith",24.0,4.1
PROD0172,Include North,,"Wilson, Chapman and Rivera",,,,Smith and Sons,24.0,
PROD0173,Task Fight,Books,Edwards and Sons,6653.64,31.44,366,,,
PROD0174,,,"Thomas, Carter and Hutchinson",8970.53,,,Copeland and Sons,12.0,4.2
PROD0175,Behind Father,Sports,Miller-Shah,5066.79,10.89,,"Hebert, Mendoza and Scott",0.0,
PROD0176,Read Feeling,Footwear,Martinez Inc,5954.36,,,Lambert Group,0.0,
PROD0177,Possible Seek,Footwear,Kennedy and Sons,6262.72,12.11,681,Jimenez PLC,,
PROD0178,Huge Weight,Sports,"Sims, Hernandez and Phillips",7532.2,,545,Barry-Martin,24.0,
PROD0179,Analysis Federal,Home & Kitchen,Yang-Guzman,6241.16,,462,Oconnor LLC,12.0,4.9
PROD0180,Him Should,Home & Kitchen,"Boyd, Martinez and Ford",8169.67,,,,24.0,
PROD0181,Nature No,Sports,Moon-Rice,863.59,,456,Shelton-Mcdaniel,0.0,
PROD0182,Edge Join,Sports,"Livingston, Cain and Matthews",3688.01,,,Jones-Marquez,0.0,2.8
PROD0183,Argue Red,Electronics,Cantrell PLC,9728.22,26.26,,Long and Sons,6.0,
PROD0184,Make Reason,Electronics,"Davis, Gallagher and Rice",8491.05,,,Conway-Gomez,0.0,
PROD0185,However Argue,Clothing,"Morgan, Sandoval and Boone",5682.6,,793,Reed LLC,0.0,
PROD0186,Maintain Student,Electronics,Lee Inc,2089.65,,,Santos-Mathis,12.0,3.7
PROD0187,Yes Point,Sports,"Smith, Carpenter and Fry",3705.06,,,Chavez Ltd,12.0,2.7
PROD0188,Effect Beat,Books,Merritt Inc,2473.61,,,Long-Lopez,12.0,
PROD0189,Maintain Risk,,Jensen PLC,9340.53,34.19,,Little-Rich,,
PROD0190,Even Morning,Clothing,Gonzalez-Chen,4682.59,23.26,,Moore-Bonilla,6.0,4.5
PROD0191,Music Goal,Clothing,Ramos-Farmer,6724.25,,,Sanchez LLC,12.0,
PROD0192,This Commercial,Clothing,Olsen Group,2858.66,,,,6.0,
PROD0193,Likely Pick,Home & Kitchen,Eaton-Morgan,5278.01,,997,Dunlap-Barron,24.0,3.8
PROD0194,Field Throughout,Home & Kitchen,"Bradley, Jackson and Leonard",6258.72,,472,"Hernandez, Ramirez and Frank",24.0,2.6
PROD0195,Just Detail,,Hernandez Ltd,1269.09,43.0,,"Beck, Sanchez and Thompson",,4.9
PROD0196,Himself Painting,Electronics,"Woods, Gillespie and James",3481.22,40.52,887,"Freeman, Weaver and Gilbert",0.0,
PROD0197,Visit Cold,Footwear,Wheeler-Conley,8160.82,47.98,,"Young, Cruz and Bradley",,
PROD0198,Its Include,,Hoffman and Sons,2227.51,,572,Young-Rubio,,
PROD0199,Opportunity Science,Footwear,Jones Ltd,1121.14,10.01,,Blevins PLC,,1.4
PROD0200,State Minute,Sports,"Smith, Lewis and Jensen",2129.28,9.63,999,Jones-Woods,,
PROD0201,Event Dog,Electronics,Garcia Group,1106.24,,,Reyes Inc,24.0,
PROD0202,Day Boy,Electronics,Richardson and Sons,5225.85,,277,Campos-Thompson,24.0,
PROD0203,,Home & Kitchen,Daniels-Diaz,7883.07,,,Levy-Adams,6.0,4.7
PROD0204,Letter Page,Footwear,Hall-Camacho,9778.71,30.13,,Ramirez Ltd,12.0,
PROD0205,Seat Section,Clothing,Black Ltd,6808.71,,,Clark-Davis,12.0,1.7
PROD0206,Investment News,,Castro Inc,4773.74,,,Henry-Chase,6.0,
PROD0207,Market Green,Sports,Brown-Hudson,9641.33,2.79,,Waller Inc,12.0,
PROD0208,Its Record,,Holt-Davis,1760.1,,151,"Cruz, Price and Montgomery",24.0,2.8
PROD0209,Wall Show,Footwear,Webb-Daniel,344.85,,237,May-Brown,12.0,
PROD0210,Worker Know,Clothing,"Fox, Pacheco and Anderson",4850.67,25.35,,Kelley-Perry,,
PROD0211,Drop Let,,Marshall-Moore,8636.16,12.8,,Jones Inc,12.0,3.9
PROD0212,Today Worker,Footwear,Knapp Group,5924.31,,,Mendoza PLC,0.0,
PROD0213,Group Learn,Electronics,Houston-Smith,5616.8,,,Hernandez-Acevedo,0.0,
PROD0214,Time Often,Sports,Phillips and Sons,1821.16,,,"Fischer, Silva and Lewis",12.0,
PROD0215,Peace Set,Footwear,Benjamin-Miller,5600.38,37.07,,,,
PROD0216,Those Feel,Clothing,Romero-Sanchez,502.57,,,Ponce LLC,6.0,
PROD0217,Size Kind,,Hoover-Cox,4152.68,,257,"Williamson, Kline and Grant",12.0,2.5
PROD0218,Federal National,Books,Reeves PLC,3902.98,,23,Kelly LLC,24.0,1.9
PROD0219,Write Again,Books,"Gibbs, Petersen and Brock",3390.11,,,Garcia-Ingram,12.0,
PROD0220,However Rule,,"Moore, Smith and Ramirez",6282.51,,,Melton and Sons,6.0,
PROD0221,Interview Happy,,Shaw LLC,3195.15,,,Howard-Jackson,6.0,3.7
PROD0222,Myself Long,Clothing,"Farmer, Guzman and Knapp",9287.66,,435,"Ellis, Coleman and Johnson",12.0,
PROD0223,Everybody Sit,Home & Kitchen,Arnold-Riggs,7792.28,,,Chapman and Sons,6.0,
PROD0224,I Concern,Footwear,"Koch, Ryan and Miller",7261.23,,992,Norris-Fields,12.0,
PROD0225,Service Together,Home & Kitchen,"Avery, Prince and Barnes",5629.86,,,Herrera-Lucas,24.0,2.4
PROD0226,Try Bed,Books,"Palmer, Underwood and Coffey",6856.51,10.17,,"Porter, Porter and Marks",12.0,
PROD0227,Artist With,,Smith-Lindsey,9701.73,,518,"Jones, Johnson and Patterson",6.0,
PROD0228,Imagine Church,Books,White-Chandler,9460.18,14.37,,Delgado PLC,6.0,
PROD0229,Writer Too,Footwear,Underwood-Morris,6282.13,,,Brown Inc,6.0,
PROD0230,Car Region,Books,Ellison-King,1371.9,,,Alexander-Graham,,
PROD0231,Age What,Electronics,Rodriguez PLC,6979.07,,215,"Blake, Khan and Fowler",12.0,
PROD0232,Down Simply,Books,Gonzalez-Bradley,9589.53,17.39,,Walsh LLC,0.0,
PROD0233,Develop Institution,Electronics,"Whitehead, Webb and Jacobson",687.2,,661,Reed-Reynolds,6.0,
PROD0234,Account Think,Home & Kitchen,Taylor Inc,4171.96,,,Marsh-Frederick,0.0,
PROD0235,Court Good,Sports,Hodge-Morgan,9274.12,,,"Wood, Park and Guerra",6.0,
PROD0236,Group Over,Clothing,Shaw LLC,4830.13,19.54,,,24.0,
PROD0237,Grow Social,Clothing,"Richard, Hernandez and Burke",,22.14,,Stark PLC,0.0,
PROD0238,Control Say,Books,"Gilbert, Melton and Torres",2749.47,41.22,496,Patterson-Little,12.0,4.8
PROD0239,Card Turn,Books,Guerrero Inc,2775.91,,,Peters Inc,6.0,
PROD0240,Half Country,Electronics,"Perry, Bernard and Dennis",8167.81,17.31,,Sullivan-Thomas,24.0,3.2
PROD0241,Another Attorney,Footwear,Richardson-Ortiz,1740.93,,,Becker Ltd,12.0,
PROD0242,Quickly Out,Clothing,Mitchell-Burns,9692.81,,,Harrell-Allison,6.0,
PROD0243,Above Billion,Electronics,Villarreal-Rodriguez,2998.41,,,Lopez-Arellano,6.0,
PROD0244,Purpose Property,Sports,Wagner Group,9297.48,,,Collins and Sons,0.0,4.7
PROD0245,Night Together,Electronics,Morris-Griffin,8265.36,,,Mccormick-Mcclain,24.0,1.1
PROD0246,Third Just,Home & Kitchen,Wise LLC,3014.02,,106,Johnson-Anderson,,
PROD0247,Foot Near,Home & Kitchen,Simpson-Paul,7699.36,,,Hunter Group,0.0,
PROD0248,Stock Ability,Home & Kitchen,"Bishop, Wilkins and Chen",8677.61,,113,Campbell and Sons,,
PROD0249,Represent Base,Clothing,"Hernandez, Kim and Gonzales",4943.0,,,Paul-Mcknight,0.0,
PROD0250,His Hundred,Home & Kitchen,"Smith, Lester and Walsh",1330.84,,299,"Davis, Murphy and Rich",,
PROD0251,Address Learn,Books,"Snow, Ortega and Mcdonald",9426.38,,,,0.0,
PROD0252,Generation Appear,Books,"Burns, Walsh and Beck",1335.65,46.16,,"Douglas, Brooks and Adams",12.0,
PROD0253,Report About,Footwear,Sanchez Group,7685.9,,20,Shah Ltd,12.0,1.1
PROD0254,Easy Protect,Home & Kitchen,"Brown, Lewis and Olson",3435.26,,,"Schaefer, Atkinson and Wright",12.0,3.7
PROD0255,Just Soldier,Books,Harrison Inc,7326.04,45.2,,"Lang, Schneider and Gonzalez",12.0,
PROD0256,Smile Increase,,Thomas PLC,7556.29,,,Myers LLC,12.0,
PROD0257,Such Fast,Footwear,Roberts-Manning,7657.92,,,Mcmillan-Salas,,2.8
PROD0258,As Stop,,Booth and Sons,5577.32,,432,"Bailey, Cruz and Hill",24.0,4.6
PROD0259,Manage Different,Sports,"Leonard, Reynolds and Williams",,,,"Ortega, Allison and Clark",0.0,2.2
PROD0260,May Game,Books,Aguilar LLC,710.19,48.4,,Roach Group,0.0,
PROD0261,Me Organization,Footwear,Hill-Black,7110.09,10.11,,Riley-May,24.0,
PROD0262,Rise Use,,Mayer-Stephens,7770.57,27.97,,Young-Fox,24.0,4.5
PROD0263,Include Sit,Books,"Wolfe, Fernandez and Combs",814.44,8.5,311,,24.0,
PROD0264,Since Season,Footwear,Morales-Collins,9058.06,,,Hickman-Garrett,24.0,
PROD0265,Any Find,,Greene LLC,5414.79,,,Jackson Inc,6.0,
PROD0266,Line Speech,Electronics,"Lamb, Oliver and Davis",6009.38,,,"Foster, Rice and Lopez",0.0,
PROD0267,Team Future,Home & Kitchen,Lara Ltd,4923.06,,117,"Gonzalez, Herring and Williams",0.0,
PROD0268,Hotel Nearly,Clothing,,8574.52,49.61,,Johnson-Rodriguez,6.0,
PROD0269,Future Yes,,Lucas and Sons,5669.0,,,Price Inc,24.0,
PROD0270,Evidence Reach,,Spencer Ltd,,,26,"Jones, Harris and Atkins",6.0,4.1
PROD0271,Candidate Specific,Home & Kitchen,"Vasquez, Woodard and Jacobs",,,,Brown Ltd,0.0,2.9
PROD0272,Identify Kid,Sports,"Goodwin, Warren and Cabrera",5570.87,,,"Lutz, Maxwell and Jones",12.0,4.9
PROD0273,Early Keep,,Atkins-Turner,524.98,,,Phelps PLC,6.0,
PROD0274,Admit Local,Electronics,Johnson Inc,5465.76,,,Underwood-Hill,24.0,
PROD0275,No While,Footwear,"Hardy, Kennedy and Salas",4728.35,11.35,,,24.0,
PROD0276,Understand Key,Home & Kitchen,Tapia-Garcia,7382.9,,102,"Sellers, Roberts and Brown",12.0,
PROD0277,Personal To,,Giles-Suarez,6932.1,44.83,,Fernandez Ltd,,
PROD0278,Little Wife,,Gray-Weber,5652.96,22.19,,,6.0,
PROD0279,Responsibility More,Electronics,Black Group,8846.52,,,"Wilson, Holmes and Miller",24.0,4.5
PROD0280,Himself Bad,Sports,Torres Ltd,4199.21,1.19,,Smith-Oliver,12.0,
PROD0281,Yet Policy,Books,Morris-Green,9903.04,,0,,0.0,
PROD0282,Rise Town,Home & Kitchen,"Perez, Taylor and Mills",5696.86,,,,0.0,
PROD0283,Thus Significant,Home & Kitchen,Woods-Jackson,6610.86,13.73,,Monroe-Carter,6.0,
PROD0284,Free Level,,"Bradley, Lewis and Smith",3507.7,,725,"Jackson, James and Collins",,
PROD0285,Front Store,Books,"Hardy, Stephens and Carter",6940.55,,900,,0.0,1.1
PROD0286,Three Would,,Lee-Fields,1591.47,,303,"Stephens, Crawford and Farrell",0.0,
PROD0287,Gas Brother,Home & Kitchen,"Robinson, Diaz and Santos",7527.65,41.86,400,Tyler-Herman,0.0,
PROD0288,Size Light,Footwear,Christian-Christensen,9568.8,36.46,,"Jackson, Swanson and Griffith",0.0,
PROD0289,Section Agent,Home & Kitchen,"Richards, Martinez and Norman",3027.39,19.16,,Rodriguez Ltd,24.0,
PROD0290,Special Impact,Electronics,Mills Ltd,6112.32,,162,"Matthews, Moore and Williams",24.0,
PROD0291,Few Two,Home & Kitchen,Turner Inc,503.54,10.52,215,Soto and Sons,12.0,3.4
PROD0292,International Most,Sports,Wright LLC,,,189,Chapman PLC,6.0,
PROD0293,Apply Each,Sports,Nelson Ltd,2761.37,36.74,,"Brooks, Le and Miles",6.0,
PROD0294,Always Report,Sports,"White, Weber and Ramirez",3026.18,0.67,,Brown-Carroll,24.0,3.3
PROD0295,Bar Whole,Books,Richmond and Sons,6869.69,,990,Taylor Group,6.0,2.2
PROD0296,Kid On,Electronics,Lindsey-Rogers,2396.4,,,Carroll LLC,0.0,
PROD0297,East Certainly,Sports,"Willis, Yates and Mendoza",5681.36,,,Nelson-Rios,0.0,3.9
PROD0298,Pretty Our,Footwear,"Day, Soto and Fox",6425.51,,235,Brown-Johnson,12.0,
PROD0299,Employee Toward,Clothing,,2084.09,,,Watts LLC,0.0,
PROD0300,Pretty Star,Home & Kitchen,Davis-Osborne,5707.12,,,Barnett-Lee,24.0,4.5
PROD0301,Organization Action,,"Wilson, Boyd and Hernandez",1774.1,,856,"Jones, Lambert and Woods",,
PROD0302,List Tonight,Sports,Cordova-Miller,3871.88,,,"Wall, Rocha and Rivera",0.0,3.3
PROD0303,They About,Home & Kitchen,"Hernandez, Beasley and Gutierrez",9809.67,,448,Kent PLC,12.0,
PROD0304,Reflect City,Clothing,Smith and Sons,5975.72,,618,"Stevens, Baldwin and Bell",6.0,1.8
PROD0305,Ok Any,Clothing,Evans Inc,1222.46,,,"Moss, Bell and Owen",,
PROD0306,Health Myself,Clothing,"Farley, Lynn and Sloan",2597.96,,,Daniels LLC,0.0,
PROD0307,Cut Sister,Books,Smith-Miller,5006.06,24.93,,Bailey-Tyler,0.0,
PROD0308,Nearly Experience,Electronics,Lewis-Williams,5075.45,,,Yang LLC,12.0,
PROD0309,Significant Close,,Salinas Group,3219.19,12.64,178,Odonnell and Sons,0.0,
PROD0310,Fine Head,Electronics,Ryan-Patton,9982.28,,761,Valdez and Sons,0.0,
PROD0311,Let Arrive,Clothing,Salazar-King,1575.39,,18,Anderson-Day,12.0,
PROD0312,Feeling Decade,Electronics,,6971.77,,,"Mejia, Wu and Miller",,1.0
PROD0313,Ten Population,Clothing,Williams Ltd,9954.02,,,Fischer-Weaver,,2.8
PROD0314,Performance Tough,Sports,"Clark, Williams and Martinez",5313.3,,804,"Alvarado, Dunn and Curry",0.0,
PROD0315,Remain Short,Sports,Williams-Torres,5372.9,,,Abbott Group,24.0,
PROD0316,Federal Through,Sports,Mcfarland LLC,6790.24,,86,Porter LLC,,
PROD0317,Happen Whole,,Francis-Little,573.73,,,Conway Inc,6.0,
PROD0318,Study List,,Khan-Barber,4559.27,,,Adams and Sons,6.0,1.1
PROD0319,Performance Trouble,,"Wu, Mcclure and Davies",1302.28,,,West Inc,6.0,
PROD0320,Arrive Amount,Home & Kitchen,Sanchez-Taylor,9089.42,,,"Bailey, Bell and Blankenship",12.0,
PROD0321,Impact Nothing,Clothing,"Bennett, Horn and Hooper",3942.07,,,"Blackburn, Harris and Robinson",24.0,
PROD0322,Whose Recently,Clothing,Mitchell LLC,1242.2,,,"Mann, Thomas and Gonzalez",24.0,
PROD0323,House Statement,Electronics,"Moreno, Campbell and Perez",7757.97,18.53,,"Schmidt, Chavez and Russo",24.0,
PROD0324,Arm Yet,,Anderson LLC,3651.88,35.81,761,"Willis, Wright and Jackson",6.0,2.8
PROD0325,Point Reality,Footwear,Garcia-Kelley,4006.57,25.41,,Simmons-Wood,24.0,
PROD0326,Ahead Term,,"Fowler, Moran and Drake",6802.5,8.33,,"Davis, Mcconnell and Lewis",,
PROD0327,Sound Above,Footwear,Padilla Ltd,,,,"Washington, Wheeler and Williams",24.0,
PROD0328,Physical President,,Lam PLC,3229.42,,,Reynolds Group,12.0,
PROD0329,Benefit Fly,Clothing,Woods Ltd,9466.85,2.66,,Tucker-Tran,12.0,
PROD0330,Produce Without,Electronics,Powell Group,6319.68,,,Morris-Luna,24.0,
PROD0331,Factor Wear,Footwear,"Padilla, Medina and Adams",4561.61,,,Macdonald-Anderson,,
PROD0332,Television Collection,Electronics,Jones-Smith,6138.36,,,"Brown, Stanley and Patel",12.0,
PROD0333,Make Father,Footwear,Harris-Bell,3977.61,,,Nelson PLC,24.0,3.0
PROD0334,Once Trip,,,3679.03,12.95,,Gamble-Quinn,12.0,2.4
PROD0335,Myself Its,Books,Ward-White,8530.78,,,Lindsey LLC,24.0,1.8
PROD0336,Stage Up,Home & Kitchen,Cross-Hicks,3906.02,,,"Flowers, Bush and Spencer",6.0,
PROD0337,Campaign Wide,Electronics,"Freeman, Robinson and Garza",9878.37,43.86,,Bowen-Farrell,0.0,3.2
PROD0338,First Because,Sports,"Scott, Carrillo and Gomez",898.03,,,,12.0,2.5
PROD0339,Speech Summer,Electronics,Price Group,3257.57,,,Murphy PLC,0.0,1.6
PROD0340,Remember Worker,Books,"Stone, Thompson and Shaw",3583.24,48.92,,"Todd, Perry and Lawson",0.0,
PROD0341,Their Never,Books,"Porter, Armstrong and Bradley",2951.97,,,"Fuentes, Donaldson and Bridges",24.0,
PROD0342,Nature Want,Electronics,Brady-Yoder,1815.69,35.41,816,Nelson and Sons,24.0,
PROD0343,Cup Beyond,Home & Kitchen,Greene LLC,8895.72,,564,Brown Ltd,24.0,
PROD0344,Respond Nearly,Home & Kitchen,"Jennings, Leonard and Thompson",1354.47,25.22,,Williams-Coleman,,
PROD0345,Record Out,Sports,Ferguson Inc,8342.64,,,"Rivera, Carpenter and Cardenas",,
PROD0346,Wife Myself,Electronics,Arroyo-Tucker,7955.3,,,"White, Higgins and Fuller",,4.7
PROD0347,Majority White,Home & Kitchen,Ramirez PLC,503.65,,,"Nguyen, Walton and Mccall",0.0,
PROD0348,Operation Religious,Electronics,Lloyd Ltd,5076.14,,,Merritt LLC,12.0,
PROD0349,Smile Assume,Footwear,Cochran-Shah,6862.9,,,Miller-Ferguson,24.0,
PROD0350,Range Recognize,Footwear,"Nunez, Scott and Mitchell",241.37,,107,Potts Inc,24.0,
PROD0351,Drop Mean,Electronics,"Jones, Miller and Freeman",5058.23,,,"Campbell, Sullivan and Lopez",6.0,1.1
PROD0352,Policy Professor,Home & Kitchen,Phillips Group,1336.43,,901,"Villa, Richardson and Williams",12.0,
PROD0353,Score Fly,,Banks Group,2824.55,,,Conrad PLC,6.0,
PROD0354,Two Site,Clothing,"Small, Mcbride and Sims",6893.9,,,Phillips and Sons,6.0,
PROD0355,Suddenly A,Footwear,West-Sullivan,9806.27,14.24,760,Chapman Ltd,0.0,3.2
PROD0356,General Together,Clothing,Roberts-Vaughn,331.92,,,Simmons-Wright,,4.1
PROD0357,Whole Support,,Tran Ltd,931.03,13.15,,Johnson-Smith,6.0,
PROD0358,Someone Rule,Clothing,Romero-Morales,,6.29,623,Miller-Waller,,
PROD0359,Or Nearly,Books,Schmidt and Sons,4342.4,27.98,,"Wood, Gordon and Calhoun",24.0,3.4
PROD0360,Often Contain,,Avila-White,,4.52,,"Johnson, Reyes and Richardson",,
PROD0361,Out Huge,Clothing,Castillo-Mccarthy,4703.05,,,Williams LLC,0.0,
PROD0362,Allow Garden,Clothing,"Mayer, Reyes and Castro",4412.11,,,"Phillips, Williams and Peck",,
PROD0363,Plan According,Electronics,"Bowers, Alexander and Mooney",2258.49,,,Cooper Inc,6.0,
PROD0364,Somebody Consumer,Sports,"Ibarra, Bird and Reid",5533.36,,,"Thompson, Wang and Hall",6.0,
PROD0365,Final Writer,,Allen Group,615.99,,,Gonzalez LLC,24.0,2.0
PROD0366,Dog Child,Clothing,Rowland and Sons,3243.12,,,Neal Ltd,12.0,
PROD0367,Race Grow,Footwear,"Ferguson, King and Holmes",3336.18,43.01,,"Welch, Bird and Long",24.0,
PROD0368,Writer Trip,Sports,Ward-Palmer,,,52,Mitchell Ltd,,
PROD0369,Entire Cut,Books,Contreras Group,7381.71,15.95,,Ballard Group,0.0,
PROD0370,Modern National,Electronics,Adams-Fox,9852.78,,,Castillo Group,0.0,
PROD0371,Congress Bill,Electronics,Dennis LLC,3588.81,40.24,,"Smith, Sanders and Velazquez",0.0,
PROD0372,There Today,Books,"Montoya, Ferguson and Huber",6926.86,,710,Stephens-Chapman,12.0,
PROD0373,Different Different,Footwear,Russell and Sons,3214.98,,74,"Jackson, Morales and Mason",24.0,2.4
PROD0374,Word Each,Electronics,Baker-Smith,2867.89,,548,Contreras Group,,1.9
PROD0375,Exactly Reason,Sports,"Ray, Monroe and Gibson",6362.16,,439,"Lopez, Macdonald and Gomez",12.0,4.2
PROD0376,Popular Young,Footwear,Gardner Inc,8590.0,,884,"Wolf, Cooper and Barnes",,
PROD0377,Sell Single,,Hunter PLC,6581.35,46.17,478,Stewart-Hicks,24.0,
PROD0378,Now Explain,Books,Ali Ltd,5188.14,,,"Hill, Moses and Fisher",6.0,
PROD0379,Example Political,Clothing,"Martin, Williams and Reed",8509.73,44.64,,"Wilson, Bennett and Sparks",24.0,
PROD0380,Pull Mr,Books,Jacobson-Simpson,,6.19,,Palmer-Sloan,,1.4
PROD0381,Sing Free,Clothing,"Grimes, Hines and Thomas",3140.47,,410,Gonzales-Wheeler,12.0,
PROD0382,Effort High,Books,Branch-Bridges,7813.25,8.13,,,24.0,2.3
PROD0383,Language Lay,Clothing,"Yang, Lucero and Clark",7992.23,,585,Wagner-Andrews,12.0,
PROD0384,Successful Skill,Footwear,"Acosta, Kelly and Duncan",8896.63,,,Ryan-Frazier,6.0,3.3
PROD0385,Away Success,Sports,Reid-Romero,7526.21,,329,Flores-Lewis,12.0,4.0
PROD0386,Movement Choose,Books,Mcdonald Ltd,6380.75,,,"Smith, Peterson and Young",24.0,
PROD0387,Store What,Books,Cole and Sons,8532.92,,,"Sanders, Webb and Ramos",12.0,
PROD0388,May Traditional,Clothing,Olsen-Coleman,8403.85,,,"Delgado, Boyle and Moody",0.0,
PROD0389,Order Forward,Home & Kitchen,"Lawrence, Ruiz and Dyer",876.38,,,Wilson LLC,24.0,1.8
PROD0390,With Area,Books,Hanna Inc,2448.5,,,Baker Group,0.0,
PROD0391,Teach Bill,,Scott-Hamilton,7581.2,,461,,0.0,2.5
PROD0392,Often Realize,Clothing,Daniels-Brooks,8032.44,,,"Clements, May and Newman",,
PROD0393,Less Available,Electronics,Green-Terry,6473.87,,,Roman-Sherman,12.0,2.2
PROD0394,Trouble Hotel,Books,White LLC,473.99,,,"Lawrence, Jackson and Rodriguez",12.0,
PROD0395,Claim Age,,"Cline, Brooks and Irwin",4758.89,29.46,268,"Wright, Murray and Rodriguez",,
PROD0396,Remember Deep,Electronics,Torres Ltd,926.16,,,Mcmillan-Goodman,,1.4
PROD0397,Law Treatment,Books,Miller PLC,8927.07,,,Vasquez-Moore,24.0,3.1
PROD0398,Education Store,Books,"Calderon, Campbell and Greene",,48.46,,Hubbard Group,6.0,
PROD0399,West Without,Electronics,Sanchez-Olson,,,412,Singh-Christensen,24.0,
PROD0400,Capital Region,Footwear,Hayes-Horn,2708.61,,151,"Hudson, Lee and Melton",,
PROD0401,Than Dark,Books,Leon-Forbes,6027.5,,967,Russo Inc,0.0,3.2
PROD0402,Together Join,Home & Kitchen,Murray-Noble,2230.44,,,"Reynolds, Peterson and Juarez",6.0,4.0
PROD0403,Student Later,Electronics,Sanders-Wood,5097.92,,,,,
PROD0404,General Example,Books,"Allen, Moore and Randall",762.84,11.73,,Greene-Avila,12.0,
PROD0405,Relate Two,Sports,Soto-Conley,8051.32,,404,Walters-Gibson,,3.7
PROD0406,Southern Sister,Footwear,Trevino-Atkins,2360.61,,,Tran-Nash,12.0,
PROD0407,City Leave,Clothing,"Holden, Woodard and Payne",8146.39,,,Rivera and Sons,12.0,
PROD0408,Whole Choice,Clothing,,2686.56,49.42,9,Reynolds Inc,6.0,
PROD0409,Director Simple,Electronics,Shaw-Johnson,3790.98,2.9,,Hill-Francis,0.0,
PROD0410,Professor Enjoy,Books,"Lopez, Logan and Allen",8450.26,18.63,218,Marshall Group,,
PROD0411,Agency Gas,,Rosario Ltd,9053.36,,,Nunez Group,0.0,
PROD0412,Site Return,Clothing,Evans PLC,4090.87,,,Smith-White,12.0,
PROD0413,Newspaper Free,Books,Burnett-Lara,8665.85,,,"Ball, Richards and Young",6.0,1.2
PROD0414,Very Some,Home & Kitchen,Lopez Inc,517.83,,,"Nguyen, Williams and Woods",0.0,4.8
PROD0415,Good Third,Footwear,"Castillo, Taylor and Ward",5064.55,,581,Waters-Cox,0.0,
PROD0416,Local Between,Footwear,Thornton-Nelson,8360.47,,,Irwin-Branch,24.0,
PROD0417,Serve Employee,Books,Lewis PLC,7795.29,34.35,,"Gallagher, Moore and Brooks",,2.4
PROD0418,Central Prove,Electronics,Curtis Inc,5091.14,23.4,,Simmons-Burns,24.0,2.4
PROD0419,Smile Debate,Electronics,Mack-Thomas,6173.89,,922,Nixon PLC,,
PROD0420,Situation Week,Books,Esparza-Simpson,9375.91,31.93,,"King, Smith and Wright",12.0,1.5
PROD0421,Among Policy,,"Moore, Smith and Watson",1474.31,,,Wilson Group,0.0,
PROD0422,Across Feeling,Home & Kitchen,"Rodriguez, Farmer and Soto",7678.25,,,Taylor-Davis,,
PROD0423,Short Them,Clothing,"Oliver, Moran and Perez",3308.34,47.58,,"Michael, Parrish and Ortiz",6.0,
PROD0424,Those Part,Books,Gray-Jenkins,95.35,,,Luna LLC,0.0,2.4
PROD0425,Modern Federal,Sports,Hughes-Moore,8505.17,20.15,771,Webster and Sons,6.0,3.9
PROD0426,Nation Cold,,"Clark, Kennedy and Scott",7401.78,,,Bradshaw-Myers,,
PROD0427,Thus See,,"Robinson, Chapman and Hale",7044.41,,,Smith Ltd,,
PROD0428,Wall Strong,Home & Kitchen,Jacobs-Castro,69.44,,775,"Lee, Brooks and Burns",24.0,
PROD0429,Past Industry,Clothing,Weiss Group,9792.54,,,Mclean-Gray,24.0,
PROD0430,Four End,Home & Kitchen,"Cohen, Smith and Barnett",6492.23,44.69,,"Wilson, Blair and Flores",0.0,
PROD0431,Role Call,Clothing,Gonzales Inc,4985.23,,992,Sanders-Charles,0.0,2.0
PROD0432,Tax Everything,Books,"Henderson, Schmidt and Sanchez",7867.71,47.04,52,Nichols-Myers,0.0,1.3
PROD0433,Expert About,Footwear,Hunt-Curry,2174.32,,677,Ellis and Sons,12.0,4.8
PROD0434,Wife Foreign,Clothing,Williams-Villarreal,9289.76,44.61,874,,24.0,
PROD0435,Foreign Could,Sports,Thomas Group,8652.47,,,Henderson and Sons,6.0,3.4
PROD0436,Experience Call,Clothing,"Jackson, Hudson and Rivera",3948.44,,469,Fernandez Ltd,24.0,
PROD0437,Eat Sometimes,,Martinez Inc,9896.75,,,"Bolton, Boyd and Bowers",24.0,
PROD0438,Our Very,Home & Kitchen,"Mclaughlin, Sanders and Thomas",4323.41,,,Preston-Johnson,6.0,
PROD0439,Democratic Act,Clothing,,8302.48,28.09,,Smith-Jensen,6.0,
PROD0440,Food Year,Home & Kitchen,Davidson-Palmer,3471.61,,980,Peterson-Newman,12.0,3.5
PROD0441,Mother Born,Electronics,"Pierce, Smith and Saunders",1967.53,25.98,,Ferguson-Estrada,0.0,
PROD0442,Mouth Support,,"Gray, Parks and Gill",8984.66,1.65,,"Howell, Bennett and Carrillo",6.0,
PROD0443,Prepare Chair,Home & Kitchen,Myers-Reid,3185.52,,,Ray-Sims,24.0,2.8
PROD0444,Quickly Live,Books,Murray and Sons,9955.42,,,"Cox, David and Robinson",6.0,
PROD0445,This Crime,Books,Vasquez Group,9724.43,,,"Smith, Barnes and Nelson",24.0,2.6
PROD0446,Late Speech,,Johnston-Douglas,3065.06,,,Mitchell Group,6.0,
PROD0447,This Above,Home & Kitchen,James-Macdonald,1899.2,25.77,,Mclean Ltd,0.0,
PROD0448,Former Fine,Electronics,Hamilton-Livingston,2440.27,,,Johnson-Fields,6.0,2.5
PROD0449,Couple Population,,Nunez-Morgan,4834.43,3.07,69,"Davis, Scott and Nelson",24.0,4.9
PROD0450,Mrs Several,Clothing,Foster PLC,8404.51,,,Hill-Johnson,12.0,
PROD0451,Other Section,Electronics,"Choi, Cooper and Webb",421.65,,,Hernandez-Berry,6.0,
PROD0452,Recognize Mother,Home & Kitchen,Brown-Brown,828.24,,,Cordova-Robinson,0.0,3.7
PROD0453,Anything Million,Home & Kitchen,Gonzales and Sons,3425.77,24.59,,Luna-Yang,6.0,
PROD0454,Answer Prove,Clothing,Johnson Group,1832.32,14.62,25,Baker-Robinson,,3.7
PROD0455,Question Class,Electronics,Smith-King,6212.85,4.29,,"Watson, Parker and Chambers",0.0,4.5
PROD0456,Reach Hear,,Velez-Lawrence,4953.93,,737,Ferguson-Freeman,12.0,
PROD0457,System Four,Footwear,Christensen Group,3747.26,,,Taylor-Gomez,12.0,
PROD0458,Late Grow,Clothing,Pugh Ltd,821.46,11.55,131,Aguilar-Cline,24.0,
PROD0459,Plant Will,Electronics,Tyler-Moore,4141.27,26.71,785,Christensen-Miller,12.0,
PROD0460,Sell Star,Footwear,,4487.96,,,Hahn-Morrison,6.0,
PROD0461,Finish Radio,Electronics,Patrick-Johnson,3225.09,4.68,919,"Fernandez, Evans and Smith",12.0,
PROD0462,Staff Responsibility,Footwear,Huffman-Myers,7788.45,11.7,28,"Leon, Johnson and Graham",24.0,
PROD0463,Ok National,Books,Williams and Sons,5681.41,,842,Bailey Group,6.0,
PROD0464,,,Payne-Adams,5222.43,49.69,,Preston Inc,0.0,
PROD0465,Example Suddenly,Sports,"Casey, Robinson and Gill",5851.44,,69,"Williams, Owen and Carlson",6.0,
PROD0466,Think Water,Clothing,Higgins and Sons,9825.08,,,Stewart Group,12.0,
PROD0467,Responsibility Become,Sports,Allen-Thompson,3192.61,,,"Brady, Alvarez and Henson",0.0,1.9
PROD0468,A Trade,Electronics,Blackburn-Lee,7335.68,,965,"Morales, Wright and Smith",24.0,4.0
PROD0469,Generation Various,Clothing,Gonzalez-Anderson,,30.78,805,Elliott and Sons,12.0,
PROD0470,Carry Evidence,Footwear,"Mcmahon, Santiago and Alexander",9021.23,29.35,146,Johnson Ltd,0.0,3.1
PROD0471,Authority Too,Books,Barr LLC,8888.71,9.91,,Perkins-Daugherty,,
PROD0472,More Woman,Electronics,,5978.85,,,Vazquez-Jones,12.0,
PROD0473,Structure Official,Footwear,Bailey Group,4152.8,35.03,,"Rivera, Smith and Allen",0.0,
PROD0474,Trial Notice,Books,Black-Rose,3805.23,,87,"Byrd, Bates and Herrera",6.0,
PROD0475,Indeed Whom,Sports,Griffin Ltd,3663.47,40.89,,"Dominguez, Thomas and Anderson",,3.1
PROD0476,Myself Last,Clothing,Ball-Reid,5327.96,,,May-Castro,6.0,
PROD0477,Choice Pay,Electronics,Morris LLC,58.51,11.13,732,"Rowe, Peters and Cruz",,
PROD0478,Laugh Capital,Home & Kitchen,"Lopez, Bowman and Jones",5030.8,,697,"Gonzalez, Chapman and Moore",12.0,
PROD0479,Finish Message,Clothing,Valentine Group,605.73,,,Silva Group,0.0,
PROD0480,Rate Different,,Kim and Sons,9659.6,21.71,912,"Callahan, Allen and Baldwin",,
PROD0481,Painting Property,Electronics,Hammond-Webb,7570.07,45.68,,Kelley-Williams,24.0,1.1
PROD0482,Usually Environment,Footwear,Martinez-Haynes,9680.51,,817,Lopez and Sons,12.0,
PROD0483,Let Treat,Home & Kitchen,Howard-Kramer,1205.73,33.38,,Snyder-Brown,24.0,2.8
PROD0484,Series Save,Electronics,Shaw Ltd,,,,Kaufman Inc,6.0,
PROD0485,Remain Set,Electronics,Chavez Group,5242.16,,,Navarro-Acevedo,0.0,
PROD0486,Hundred Player,Electronics,Brown and Sons,6271.77,,,Stevenson-Moore,0.0,1.4
PROD0487,Threat Decade,Footwear,Brown-Morgan,9777.68,0.95,20,"Bradley, Hoffman and Anderson",12.0,
PROD0488,Miss Though,Home & Kitchen,Owens-Carson,9807.76,,973,"Long, Sullivan and Mann",0.0,
PROD0489,She Someone,,Mitchell Ltd,9780.46,,,"Garcia, Price and Dillon",6.0,
PROD0490,Success Evidence,Home & Kitchen,Johnson LLC,9362.95,,,Walker-Sexton,6.0,
PROD0491,Majority Whose,Clothing,Pearson PLC,2850.1,30.09,575,"Massey, Pollard and Farrell",24.0,
PROD0492,Information Position,Home & Kitchen,Young LLC,651.21,,,"Harding, Harris and Branch",0.0,
PROD0493,Successful Sound,Home & Kitchen,"Mcdaniel, Mcfarland and Mccullough",8968.75,12.76,370,Townsend Group,,
PROD0494,Himself Police,Sports,Warner and Sons,6643.82,,,"White, Williams and Grant",0.0,
PROD0495,Year Development,Electronics,Middleton-Edwards,7761.54,,,"Curtis, Sullivan and Herman",,
PROD0496,No Forward,Home & Kitchen,Davies-Smith,2131.31,,284,Wright Ltd,24.0,
PROD0497,Performance Wife,Books,Moore-Willis,7028.72,,,Adkins-Abbott,6.0,1.4
PROD0498,Civil Left,Sports,Carter-Oconnor,845.45,,473,Bowman Group,24.0,
PROD0499,Inside Film,Home & Kitchen,Lozano-Nelson,793.15,36.87,,Wilson Ltd,12.0,
PROD0500,Finish Director,Sports,"Anderson, Moore and Harris",8975.91,,885,"King, Whitney and Cortez",12.0,
PROD0501,Recently Relate,Clothing,Brown Ltd,132.42,,935,Ortiz-Reid,,
PROD0502,Country Writer,Home & Kitchen,Roberts-Smith,777.09,,,,12.0,
PROD0503,Start Everybody,,"Franklin, Glass and Watkins",2861.01,,,"Swanson, Brown and Porter",0.0,3.8
PROD0504,Yet Someone,Footwear,"Arias, White and Davis",2647.41,,,Nelson Inc,24.0,1.5
PROD0505,Camera Treat,Sports,Mendoza-Smith,3262.59,,667,"Young, Wilson and Williams",24.0,3.4
PROD0506,Result High,Sports,Lewis-Cowan,8089.9,37.99,,,,
PROD0507,Grow Live,Sports,"Whitehead, Davis and Mcconnell",8187.68,,,"Greer, Moore and Potts",,
PROD0508,Offer Recently,Electronics,,7271.12,,165,Chapman-Mayer,12.0,
PROD0509,Wonder Foreign,Footwear,Lewis and Sons,4716.37,,,Petersen PLC,12.0,
PROD0510,Could Economic,Sports,"Jensen, Sullivan and White",4021.43,,,Hartman-Frank,,4.3
PROD0511,Consumer Religious,Books,"Lewis, Hughes and Villanueva",4103.16,,719,"Smith, Finley and Gutierrez",,
PROD0512,Growth Fly,Home & Kitchen,Johnson Ltd,2546.12,38.04,,"Berry, King and Eaton",0.0,4.4
PROD0513,Game Make,Clothing,"Turner, Vazquez and Baker",4388.03,3.83,291,Calderon-Haley,12.0,2.6
PROD0514,Where Remain,Books,Miller and Sons,6307.06,,,Taylor LLC,24.0,4.5
PROD0515,Ago Gas,Footwear,Brown-Porter,6739.53,,688,"Kennedy, Bell and Frank",0.0,
PROD0516,Guess Subject,Footwear,"Flores, Mills and Miranda",3928.09,,304,Avila PLC,6.0,
PROD0517,Foreign Wind,Sports,"Wilson, Rodriguez and Stevens",1754.59,18.74,,"Fox, Johnson and Goodwin",12.0,
PROD0518,Whose I,Footwear,Scott-Duncan,6807.99,,,Richardson PLC,6.0,
PROD0519,Play Because,Home & Kitchen,Barnett Ltd,9194.22,,815,Gutierrez Inc,24.0,4.2
PROD0520,Study Tv,Clothing,Braun-Brown,7486.71,,,"Morris, Mason and Williams",6.0,4.1
PROD0521,Citizen Tv,Home & Kitchen,Andrade LLC,3627.42,,342,Malone Group,12.0,
PROD0522,Pick Road,Clothing,Morales Inc,5542.91,5.18,,Ortiz-Melendez,24.0,
PROD0523,Success Challenge,Books,Sloan Ltd,9426.59,,,Miles-Lutz,,5.0
PROD0524,Behavior List,Footwear,Shepard Group,8227.68,,,Schaefer Group,,
PROD0525,Cup Ahead,Electronics,Fisher-Cervantes,2346.75,,50,Morgan-Garcia,6.0,
PROD0526,Behavior The,Books,"Spence, Mendez and Blackwell",3254.17,,679,Little PLC,6.0,1.2
PROD0527,Truth Turn,Electronics,"Jones, Spencer and Allison",6262.22,22.24,,,,
PROD0528,Receive Wish,Home & Kitchen,"Hill, Diaz and Watson",6420.57,,586,Rodriguez-Watson,6.0,
PROD0529,No One,Electronics,,6333.27,8.52,,"Dawson, George and Johnson",0.0,1.9
PROD0530,Small Source,Sports,Miller and Sons,1484.9,15.08,938,Allen LLC,6.0,
PROD0531,We Wife,Home & Kitchen,Bailey-Hall,3675.99,,,Jensen and Sons,24.0,2.8
PROD0532,Particular Thousand,Electronics,Douglas-Park,6662.29,,795,Baxter and Sons,12.0,
PROD0533,Light Exist,Clothing,"Hutchinson, Werner and Lopez",3615.63,,4,"Hines, Bruce and Wilson",12.0,
PROD0534,Second Year,Footwear,Davenport Group,6398.85,,,"Berry, Cameron and Kelly",,
PROD0535,Certainly Effect,,Hernandez LLC,6603.47,,,Smith and Sons,12.0,3.2
PROD0536,Other Our,Books,Ware Group,9303.07,39.42,,Guzman-Salazar,6.0,
PROD0537,Manage Brother,Clothing,Bell Ltd,7849.86,39.98,,"Dawson, Ford and Burton",12.0,5.0
PROD0538,Score Employee,Electronics,Meyer-Simon,7355.11,,,"Finley, Brennan and Johnson",0.0,
PROD0539,Box To,Electronics,Evans Group,5349.59,,363,,0.0,
PROD0540,Hit Education,Footwear,"Miller, Sherman and Perry",7582.54,30.21,306,"Rodriguez, Ford and Castillo",,
PROD0541,Cold Along,Electronics,Dennis-Dodson,1725.87,,51,Garcia and Sons,6.0,2.7
PROD0542,Data Sea,Sports,Chavez-Davis,1933.81,,,Warner LLC,12.0,
PROD0543,New Two,Books,Sosa LLC,6065.68,,,"Blanchard, Werner and Davis",12.0,
PROD0544,Simple Reduce,Electronics,Romero-Anderson,596.73,31.58,501,"Cruz, Burton and Lambert",6.0,1.9
PROD0545,Lose Kind,Footwear,Dorsey-Wyatt,9680.75,2.79,300,Hernandez-Bailey,12.0,
PROD0546,Middle Main,,Reed Group,3914.32,,,Lee Ltd,24.0,3.2
PROD0547,Nice Turn,Books,Howard-Lee,1768.16,9.35,318,Chavez-Harrison,6.0,
PROD0548,Attorney Smile,Footwear,Mitchell-Luna,4978.35,,,Prince-Gomez,,
PROD0549,Teacher Heart,Sports,"Moore, Stuart and Aguilar",8110.99,,926,Hicks-Hoover,6.0,
PROD0550,Line Everyone,Clothing,"Oneill, Bailey and Deleon",2321.95,2.42,303,Martin-Montes,,
PROD0551,Into Gun,Sports,"Brown, Williams and Harris",969.78,,930,Payne Group,6.0,
PROD0552,Recognize Heavy,Home & Kitchen,Holland-Bell,1591.7,,324,Martinez-Brown,0.0,
PROD0553,Goal Even,Books,Todd-Myers,2319.2,,,Molina-Aguilar,6.0,
PROD0554,Carry Garden,Footwear,Boyd-Ramirez,3542.09,28.54,,Shelton-Williamson,12.0,2.6
PROD0555,Fill Visit,Clothing,Russell-Flynn,6314.56,21.09,571,"Bruce, Hernandez and Carter",24.0,
PROD0556,Act Mrs,Electronics,Daniel LLC,6994.85,,,Brown-Tran,0.0,2.3
PROD0557,Son Church,Clothing,"Douglas, Beasley and Pittman",7647.09,21.78,,"Morales, Shannon and Gonzalez",6.0,
PROD0558,Pretty Their,Footwear,"Sanchez, Wallace and Williams",7464.24,,296,Yoder-Juarez,0.0,
PROD0559,Finally Now,,Hobbs-Yates,4381.38,,,"Silva, Howard and Nelson",0.0,
PROD0560,Born Institution,Books,Williams-Dixon,,22.65,,Morrison-Long,6.0,
PROD0561,Know Hit,Clothing,,3638.06,13.11,280,Carpenter-Murphy,,
PROD0562,Phone He,Sports,Kane PLC,5940.04,,,"Black, Edwards and Peterson",,
PROD0563,House Probably,,Delgado-Flynn,8003.14,,,Bright-Barber,6.0,
PROD0564,Right Must,Sports,Rivera Inc,5642.3,16.66,,"Russell, Thompson and Richardson",0.0,
PROD0565,Read Night,Sports,"Cabrera, Lewis and Allen",7626.27,35.0,894,Kline-Lewis,,
PROD0566,Board Military,,Cameron and Sons,9083.66,,130,Jones Ltd,,
PROD0567,Feel Fine,Books,Gutierrez Ltd,3829.61,9.01,,"Garrison, Davis and Luna",,
PROD0568,World Able,Electronics,"May, Young and Chambers",7655.71,,,Perez and Sons,24.0,
PROD0569,Wish Impact,Electronics,"Murray, Ford and Johnson",2768.17,,,Garcia and Sons,24.0,
PROD0570,Measure Prevent,Clothing,Smith LLC,6905.57,,,"Cruz, Hurst and Soto",12.0,2.3
PROD0571,Finish Position,Electronics,"Brown, Stout and Jenkins",5998.49,,,Hart LLC,24.0,
PROD0572,Public Over,,"Brown, Johnson and Martin",476.79,,,Hernandez Group,6.0,
PROD0573,Page Do,Home & Kitchen,Tucker-Smith,3671.59,44.15,,Ramos Ltd,,
PROD0574,Music Paper,Books,Clay PLC,8377.36,,,Bailey Inc,24.0,
PROD0575,Only Task,Home & Kitchen,Merritt-Vang,4242.07,,,Howard-Smith,6.0,1.6
PROD0576,Generation Describe,Books,"Montes, Smith and Hall",,,,"Ball, Ortiz and Andrade",0.0,
PROD0577,Detail Much,Footwear,Smith-Evans,7592.97,,763,Peterson-Gutierrez,24.0,
PROD0578,Area Follow,Home & Kitchen,Martinez and Sons,8442.27,,,Steele-Johnson,,4.3
PROD0579,Ability South,Electronics,Williams-Cain,1397.81,22.64,,Moore-Wong,6.0,
PROD0580,Begin Threat,Clothing,"Buchanan, Patterson and Evans",3483.16,,,Smith Ltd,24.0,
PROD0581,Fund Represent,Home & Kitchen,"Lane, Morales and Boyle",4317.98,,,Mccoy-Williams,0.0,1.8
PROD0582,When Worry,Sports,"Gomez, Elliott and Vang",8640.62,0.38,,"Jordan, Wilson and Phillips",24.0,
PROD0583,Water Focus,Books,"Greene, Wright and Gibbs",7555.94,46.11,85,Moore PLC,24.0,2.1
PROD0584,Car Other,Footwear,Phillips-Graham,4476.1,,,"Armstrong, Sullivan and Wade",24.0,
PROD0585,Mother Real,Books,"Moran, Cooper and Hawkins",8589.9,,,"Buchanan, Estrada and Johnson",,
PROD0586,Training Need,,"Singh, Perez and Smith",9864.64,,,Valdez Ltd,12.0,4.1
PROD0587,A Ok,Sports,Cardenas-Barrett,5079.56,19.5,,"Harris, Stewart and Thompson",12.0,
PROD0588,Bed Whether,Clothing,Alvarado-Anderson,5656.17,,545,Silva PLC,24.0,
PROD0589,Raise Challenge,Clothing,Trujillo-Mason,5102.77,,472,"Martin, Russell and Glover",12.0,
PROD0590,Rise Road,Books,Andrews-Taylor,2143.07,21.13,,Johnson-Ferrell,12.0,4.2
PROD0591,Official Thank,Home & Kitchen,Brooks-Pittman,500.33,6.91,,Munoz-Rivera,6.0,
PROD0592,Recognize Expert,Clothing,"Molina, Brady and Sanchez",2367.59,6.07,61,Gonzalez-Pham,24.0,
PROD0593,He Dark,Sports,Barker Inc,3122.77,,,Barnes-Lang,6.0,
PROD0594,Speech Remain,Sports,"Bush, Decker and Doyle",332.93,,,Blanchard-Adams,,
PROD0595,Everybody Their,,"Sandoval, Casey and Flowers",9699.23,42.2,,Miller-Hall,6.0,2.7
PROD0596,Central Risk,Sports,"Guzman, Mays and Phillips",6581.04,47.47,,"Combs, Pineda and Schneider",12.0,
PROD0597,Middle Meet,Footwear,Reyes-Gomez,7811.87,,,"Lee, Huber and Mann",24.0,
PROD0598,Thousand Step,Footwear,Hernandez-Jensen,4110.78,,,Pratt-Lopez,6.0,
PROD0599,Less Indicate,Electronics,Garcia PLC,,31.16,726,,12.0,
PROD0600,Whether Southern,Sports,"Taylor, Howe and Peterson",,,568,"Boyle, Medina and Schmidt",,
PROD0601,Window Create,Sports,Garrison-Kelly,1749.36,,,"Harper, Berry and Garrett",0.0,
PROD0602,Call Increase,,"Sutton, Roth and Garcia",7531.87,,,"Walker, Watson and Sanchez",0.0,
PROD0603,Her Prevent,Sports,Park-Tran,5182.94,2.96,,Johnson-Sanchez,12.0,
PROD0604,May Suddenly,Clothing,Sims Ltd,2045.54,,416,"Miller, Lewis and Jones",6.0,
PROD0605,Less Become,Footwear,"Edwards, Cruz and Smith",3402.03,,380,"Zavala, Reese and Terrell",6.0,4.4
PROD0606,Benefit Population,Home & Kitchen,Bullock-Adkins,3094.37,,,Benjamin-Garner,0.0,
PROD0607,Reveal Various,Footwear,"Mendoza, Gonzalez and Schwartz",6858.89,49.96,128,"Bradley, Howard and Gutierrez",6.0,
PROD0608,Machine Decision,Home & Kitchen,,6229.38,,,Bryan Ltd,6.0,2.2
PROD0609,Land Relationship,,Davidson Ltd,303.44,,783,Lee-Boyer,24.0,
PROD0610,Class Set,Clothing,Hamilton-Jones,1050.16,16.27,,Collins-Blackwell,24.0,
PROD0611,Include Smile,Footwear,,9756.71,,,"King, Miller and Smith",12.0,2.1
PROD0612,Account Girl,Books,Ferrell-Roth,6175.76,11.93,,Williams PLC,12.0,
PROD0613,Tv Near,Electronics,Knight-Cole,159.13,,,Rhodes Inc,0.0,
PROD0614,Kid Yes,Home & Kitchen,Sims-Gonzalez,1678.01,,,Collins-Lee,12.0,
PROD0615,Help Story,Home & Kitchen,"Dickerson, Sexton and Orr",4743.12,,952,Anderson-French,24.0,
PROD0616,Spring Congress,Sports,Johnson-King,4937.83,,,Wood-Jones,6.0,
PROD0617,Thought Region,,Nichols and Sons,1351.69,,,Rangel-Howell,0.0,
PROD0618,Cultural Action,,"Johnson, Rubio and Torres",5820.92,38.12,,"Stevens, Martin and Carrillo",,3.4
PROD0619,Son Person,Footwear,Schultz-Nelson,8571.91,,,"Ramos, Diaz and Jackson",0.0,
PROD0620,Fast Bed,Electronics,Allen-Ferrell,8663.91,12.47,,Dillon-Peterson,,
PROD0621,While Ahead,Books,"Smith, Barnett and Holden",7986.68,,717,Franklin-Reeves,0.0,
PROD0622,Positive Group,Sports,Mendez-Sullivan,5317.53,,,Garrett-West,12.0,
PROD0623,Land Outside,Footwear,Fuller-Bryant,1625.69,,199,Hayes LLC,6.0,
PROD0624,Eat Heavy,Home & Kitchen,"Brown, Mccann and Holt",9996.5,,,Alvarado Group,,
PROD0625,Line Focus,Home & Kitchen,Dixon-Thompson,8022.41,,427,Walker Inc,6.0,5.0
PROD0626,Leader All,Footwear,"Powell, Lewis and Guzman",7919.23,,,Nguyen and Sons,12.0,
PROD0627,Oil May,Home & Kitchen,West-Garner,1051.08,,,Woodard-Hughes,,
PROD0628,Anything Material,Books,Carter Ltd,5670.29,,783,Oliver Group,12.0,
PROD0629,Heavy Surface,Footwear,Grant and Sons,5770.96,,,Brooks PLC,24.0,
PROD0630,Mr No,Books,"Lee, Hill and Kramer",4455.03,19.63,,"Coleman, Vincent and Grant",6.0,4.7
PROD0631,Improve Thank,Footwear,"Hall, Hart and Poole",3770.66,,,"James, Thompson and Rodriguez",24.0,4.1
PROD0632,Late Clearly,Electronics,Skinner-Ramirez,90.03,2.68,640,Reed-Horton,0.0,
PROD0633,Wrong Whom,Books,,4327.28,,,"Ramirez, Burke and Gonzalez",0.0,
PROD0634,Must Quite,Home & Kitchen,Foster LLC,2310.2,,813,Boyer-Howell,0.0,1.9
PROD0635,Situation Other,Electronics,,6151.92,36.75,98,Nash Inc,0.0,4.9
PROD0636,Magazine Audience,Sports,"Tucker, Barber and Pope",8588.21,21.43,,Parsons PLC,24.0,
PROD0637,Drug Meet,Sports,,5234.65,36.78,,Tate Inc,12.0,1.3
PROD0638,Company Win,Books,"Reyes, Parks and Oconnor",2765.59,15.71,965,Allison-Villarreal,0.0,
PROD0639,Me Nice,Footwear,Hill PLC,5071.52,,,Hinton-Smith,6.0,
PROD0640,Record That,Sports,"Jones, Torres and Reed",202.28,12.36,,Green-Gregory,0.0,
PROD0641,Owner Himself,Footwear,"Clark, Burns and Kelley",7437.79,,,White-Gutierrez,12.0,3.9
PROD0642,Apply Rich,Clothing,King PLC,7349.7,,,Brandt-Wells,24.0,
PROD0643,Sea Actually,Clothing,"Mitchell, Gregory and Armstrong",5814.93,24.2,,Lawrence-Bryant,24.0,
PROD0644,Improve Seat,Books,Miller and Sons,9965.4,,144,Stafford-Williams,0.0,2.1
PROD0645,Head Sometimes,Footwear,"Miller, Webb and James",6672.94,42.7,,"Nguyen, Smith and Wiggins",24.0,
PROD0646,Present Business,Sports,Terry-Mcdowell,6582.51,,,Wolf-Graham,,
PROD0647,Little Low,Footwear,Lee-Daniel,8614.99,,,Burton PLC,0.0,4.6
PROD0648,One Feel,Footwear,Sosa PLC,2597.39,,,Hall Inc,0.0,
PROD0649,No Rich,Clothing,Bright-Nichols,9993.49,,,,0.0,4.7
PROD0650,Check Believe,Home & Kitchen,Blankenship-Sosa,6972.34,2.83,596,Bishop-Cruz,,
PROD0651,Institution Leader,Clothing,Ferguson PLC,5844.15,,,"Sanchez, Holt and Avery",24.0,
PROD0652,We Draw,Home & Kitchen,Schultz Group,5033.06,,,Harrington Ltd,,
PROD0653,Pay Catch,Electronics,"Davis, Mcfarland and Johnson",4386.09,,,Soto-Miller,0.0,3.3
PROD0654,Partner Matter,,Hunter-Smith,4700.74,,,"Solis, Henry and Smith",0.0,
PROD0655,Remember Brother,Clothing,"Spencer, Vazquez and Wright",7461.22,,,Harris-Fowler,,
PROD0656,We Step,,"Choi, Farley and Alvarez",7784.86,,,Obrien-Arnold,,
PROD0657,Pass Black,Home & Kitchen,"Jenkins, Lynch and Brown",3477.68,,272,Bolton Group,6.0,
PROD0658,Store Head,,"Rollins, Curry and Caldwell",3637.4,,984,Brown-Tucker,,
PROD0659,Such Become,Home & Kitchen,"Reed, Sharp and Robinson",6364.99,10.71,,"Williams, Mccarthy and Smith",24.0,
PROD0660,Building Individual,Home & Kitchen,"Pugh, Hughes and Rhodes",3975.44,,,"Cummings, Perry and Byrd",,4.9
PROD0661,Far Present,Books,"Lindsey, Mccarthy and Barrett",994.07,,,"Wright, Stanley and Richards",0.0,
PROD0662,Develop Rate,Home & Kitchen,"Farley, Powell and Blake",8596.67,,730,Williams PLC,24.0,
PROD0663,,Footwear,Weaver-Richardson,5335.08,,,Luna and Sons,6.0,
PROD0664,Group Figure,Books,Morris-Lee,,,,Lee Inc,,2.2
PROD0665,Ago Example,Sports,Powell LLC,2910.5,,299,Andrews Ltd,0.0,
PROD0666,Room Line,Clothing,Phillips-Reed,6061.27,,,Schmidt-Jefferson,0.0,
PROD0667,Remain Summer,,Weiss Inc,145.13,,,"Sanders, Taylor and Valentine",0.0,2.1
PROD0668,Play Fund,Footwear,Vasquez-Anderson,1922.67,,,Moran-West,12.0,3.3
PROD0669,Real Use,Home & Kitchen,Swanson Ltd,5195.82,,,Cross PLC,,
PROD0670,Scientist Sport,Footwear,Knapp PLC,4355.81,,,,12.0,
PROD0671,Wish Sport,Home & Kitchen,Irwin Group,4972.86,,8,Walker Group,,
PROD0672,Affect Reason,Books,"Burgess, Ferguson and Duarte",5161.99,34.15,,Merritt Group,0.0,
PROD0673,Statement Individual,Clothing,"Miller, Hahn and Fields",9010.17,,,Sparks-Gonzalez,,
PROD0674,Like Meeting,Home & Kitchen,Young Ltd,,45.4,,Gibson-Hill,6.0,
PROD0675,Use Treatment,,Bennett Ltd,7997.87,22.6,769,Burnett-Fischer,0.0,3.8
PROD0676,Rise Staff,Footwear,Myers Inc,1215.39,,,Brady-Robinson,6.0,
PROD0677,Professor Wish,Clothing,Coleman-Mcdaniel,4018.23,34.1,,Anderson-Cook,,
PROD0678,Congress Also,Footwear,Hardy-Sanchez,6738.27,,,Weber-Martin,6.0,2.8
PROD0679,Interesting Reason,Electronics,Hernandez-Espinoza,156.02,6.64,967,Franco Ltd,6.0,4.5
PROD0680,Same Entire,Clothing,Taylor-Gomez,1663.39,49.16,,Garcia PLC,,
PROD0681,Down Yes,Footwear,Smith PLC,4894.72,29.35,834,"Williams, Hurst and Gomez",24.0,
PROD0682,May Agreement,Footwear,Gutierrez-Green,6111.24,,,"Sanchez, Small and Salinas",12.0,4.8
PROD0683,Front View,Footwear,"Kirby, Herrera and Velasquez",3273.01,,,"Randolph, Jenkins and Roman",,
PROD0684,Summer Paper,Home & Kitchen,Lam Inc,155.02,,,Price-Martinez,,
PROD0685,Allow Last,Books,,,,830,Roth LLC,,1.9
PROD0686,Factor Final,Books,Rogers-Green,3378.04,22.05,409,"Duarte, Le and Perez",12.0,
PROD0687,Side Want,Sports,Martinez-Buchanan,6726.62,,741,Wiley and Sons,24.0,
PROD0688,Remain Throughout,Clothing,"Wilson, Guerra and Rodriguez",2893.51,,858,Smith PLC,0.0,2.9
PROD0689,National Send,,Howard LLC,4065.93,,,Richards LLC,0.0,1.2
PROD0690,Those Attention,Electronics,Jones Group,3530.36,,230,Harrison and Sons,6.0,
PROD0691,Bad Nation,Clothing,Davis-Carter,1305.98,,,Fowler-Smith,24.0,
PROD0692,Green Front,Footwear,Moody-Briggs,6450.9,,,Navarro Ltd,12.0,1.2
PROD0693,Cut Must,Sports,Rivera-Strickland,519.35,,963,Austin Ltd,0.0,
PROD0694,Program Wall,,Turner-Chavez,8260.16,,,"Richard, Villarreal and Perez",,
PROD0695,Happen Current,Footwear,Larson-Greer,5018.47,26.73,358,Phillips-Morgan,12.0,
PROD0696,Tend Material,Sports,Vaughan Inc,2918.54,14.61,426,"Sanders, French and Rodriguez",,1.3
PROD0697,Approach Use,Sports,Gentry-Ho,1828.2,,,Young-Martin,,2.4
PROD0698,Including Drug,Electronics,Martinez LLC,6235.14,16.99,,Spencer-Jackson,,4.3
PROD0699,Determine From,,"Freeman, Williams and Robertson",3686.79,0.64,,"Turner, Farrell and Ramsey",24.0,
PROD0700,Parent Into,Clothing,Martin-Howard,4441.14,,735,Cunningham-Mccarthy,24.0,
PROD0701,Be Official,Clothing,"Reeves, Perry and Guerrero",8826.9,,,"Rivera, Owens and Alvarado",0.0,
PROD0702,Different Spring,Home & Kitchen,"Townsend, Castaneda and Davis",7520.7,,,Bishop-Phillips,12.0,4.0
PROD0703,Production Set,Home & Kitchen,"Ross, Bailey and Miller",4947.33,,,Garcia-Mason,6.0,2.5
PROD0704,Attack Skin,,"Martinez, Wilson and Smith",8553.38,,,Conway Ltd,,
PROD0705,Hold Anyone,Footwear,,8300.6,5.0,,Rios Inc,24.0,2.2
PROD0706,Moment Lay,Electronics,Holland-King,3723.62,37.74,,"Wilson, Bates and Kane",12.0,
PROD0707,Production Investment,Electronics,Carlson-Lewis,2433.11,29.29,722,"Frye, Parsons and Gibson",0.0,1.8
PROD0708,Guess Increase,Clothing,Pruitt LLC,2272.33,1.62,792,Lopez Inc,0.0,2.3
PROD0709,Shake Any,Clothing,"Ryan, Clark and Clark",9235.51,,20,Nelson PLC,24.0,
PROD0710,Perhaps Data,Home & Kitchen,Alexander Group,4958.67,,594,Mcdonald LLC,6.0,2.8
PROD0711,Course Hotel,Electronics,"Mendoza, Watkins and Martin",8644.14,,,"King, Moreno and Walker",0.0,
PROD0712,Heart Opportunity,,Oconnor Ltd,5418.23,,,"Peterson, Wilson and Sparks",24.0,
PROD0713,Lawyer Increase,Clothing,Colon-Hopkins,2607.84,,,Lewis Ltd,24.0,
PROD0714,Cut Major,Books,"Nguyen, Flores and Johnston",5220.01,47.07,,Parker-Adams,,3.7
PROD0715,Manage Particular,Sports,Moore LLC,2615.24,,391,"Cox, Smith and Wong",,
PROD0716,Now Agent,,Carey LLC,1491.45,9.24,,Powell LLC,,
PROD0717,Agent Word,Footwear,Walker-Carlson,1754.6,34.52,,Craig PLC,6.0,
PROD0718,Close Wall,Sports,Griffin and Sons,3406.73,,,"Castro, Middleton and Phillips",12.0,
PROD0719,Wall Understand,Clothing,Frank Inc,6953.77,,,Davis-Vazquez,6.0,
PROD0720,Age Manage,Sports,"Olsen, Brown and Mitchell",4711.77,,545,Morales-Garrett,0.0,
PROD0721,Another Lawyer,Sports,"Mckenzie, Mcfarland and Martinez",424.99,33.76,513,"Fowler, Nelson and Robertson",0.0,
PROD0722,Suddenly Pressure,Home & Kitchen,Mckay Ltd,6252.22,,625,"Moore, Holland and Hoover",0.0,2.9
PROD0723,Tax Have,Electronics,"Boyd, Wilson and Ellison",7090.91,,,Greene Ltd,,2.2
PROD0724,General Beyond,Footwear,Howard-Valentine,2037.75,,,"Herrera, Williams and Edwards",0.0,
PROD0725,Dream Compare,Footwear,Jordan PLC,9539.83,38.06,,Boyd Group,,
PROD0726,Reveal Present,Books,Montes-Petersen,9018.39,,,"Small, Schneider and Le",24.0,
PROD0727,Customer Technology,,Kirby Inc,353.74,31.26,,Kelley and Sons,,
PROD0728,Well Fish,Electronics,Gilbert LLC,1720.33,39.37,640,,24.0,
PROD0729,Off Enter,,Ramirez-Smith,406.19,19.42,,"Carrillo, Thompson and Pineda",12.0,3.0
PROD0730,Every Investment,Home & Kitchen,"Becker, Green and Chung",6078.39,,698,Mullins-Simmons,,
PROD0731,Media Election,Clothing,Castillo PLC,6540.94,,,Mclaughlin Ltd,24.0,3.4
PROD0732,Street Campaign,Home & Kitchen,"Clark, Roberts and Davis",4679.97,,,"Grant, Hall and Guerra",24.0,
PROD0733,Land Alone,Sports,Strickland Group,8113.62,,979,Hayes Inc,12.0,3.8
PROD0734,Strategy System,,"Stewart, Powers and Goodwin",280.35,,405,Hunter-Valenzuela,24.0,2.7
PROD0735,Develop Writer,Books,"Pruitt, Williams and Martin",688.5,41.78,,Fuentes Ltd,0.0,4.9
PROD0736,Left Month,Books,"Rodriguez, Brown and Brown",9527.22,42.12,,"Franklin, Lara and Hart",0.0,
PROD0737,Idea Too,Footwear,"Mcclure, Hicks and Huber",3630.02,1.43,,Chen-Garcia,12.0,
PROD0738,Until Little,Books,Bass Ltd,3454.21,,,Edwards Inc,6.0,
PROD0739,Whatever Behind,Clothing,Jordan-Patterson,9260.51,,,"Garcia, Thomas and Decker",6.0,4.7
PROD0740,Article Our,Clothing,English Group,8224.5,,,"Branch, Chan and Franklin",,
PROD0741,Place Who,Books,"Wheeler, Cummings and Garza",6027.54,,,"Diaz, Riley and Barber",12.0,2.4
PROD0742,,Clothing,May Ltd,435.18,,,Evans-Hamilton,0.0,
PROD0743,Hit Light,Clothing,"Swanson, Jones and Martin",676.92,,,Elliott-Morgan,,2.9
PROD0744,Probably Couple,Footwear,"Fox, White and Lawrence",572.02,2.16,,Turner-Mathews,12.0,
PROD0745,Toward She,Sports,Williamson Ltd,1786.74,,,Douglas-Reynolds,0.0,
PROD0746,Million Adult,Clothing,Griffin Inc,5808.21,10.26,463,Kerr LLC,12.0,
PROD0747,Enjoy Collection,Books,Heath PLC,2872.26,,511,,6.0,2.6
PROD0748,Statement Fine,Electronics,Brown and Sons,2563.33,,,"Lawrence, Chambers and Lopez",6.0,1.2
PROD0749,Begin Receive,Home & Kitchen,Colon Ltd,9221.08,,,"Henderson, Brown and Murray",0.0,
PROD0750,Respond Claim,Home & Kitchen,,3734.29,,,"Smith, Perkins and Flores",0.0,
PROD0751,Provide Financial,Books,Martin Ltd,7204.18,,177,Fernandez Inc,24.0,1.6
PROD0752,Section Gun,Books,Ramos-Russell,2192.99,,233,Cisneros Ltd,0.0,1.1
PROD0753,Miss Today,Electronics,Williams-Hines,5002.17,,,Wheeler-Silva,24.0,4.1
PROD0754,Detail Drive,Home & Kitchen,Valdez Group,1688.99,,719,Vasquez-Beltran,,
PROD0755,Trip Few,Clothing,"Bell, Jimenez and Jones",4251.9,,,"Fisher, Cannon and Norton",12.0,
PROD0756,Blue Loss,,Clarke Inc,127.58,,273,Welch Group,6.0,
PROD0757,Article Season,Sports,Parker-Walker,8982.91,,,,0.0,2.1
PROD0758,Past None,Home & Kitchen,"Fernandez, Mora and Foster",6783.95,,,Cunningham LLC,,4.0
PROD0759,Toward Though,,Shelton Inc,4745.47,,,Calderon-Leblanc,6.0,
PROD0760,Never Purpose,Footwear,Miles-Ellis,6854.54,,,"Sullivan, Dixon and Garcia",,1.7
PROD0761,Increase Charge,Electronics,Wood PLC,9143.37,,586,"Delacruz, Martinez and Weaver",,2.8
PROD0762,Item Over,Home & Kitchen,Perry Group,1441.01,7.31,,Fisher Ltd,,
PROD0763,Director Half,Sports,"Collins, Turner and Hanson",2750.89,,628,"Price, Hill and Garrett",0.0,
PROD0764,Part Skin,Clothing,Armstrong-Vang,8024.73,,,"Adams, Rush and Ruiz",0.0,
PROD0765,Story Computer,Home & Kitchen,Ross LLC,3176.76,,299,Edwards-Miller,6.0,2.2
PROD0766,Stage Account,Clothing,Waters-Ramirez,7520.4,40.98,,Garrett and Sons,12.0,
PROD0767,Song Condition,Sports,"Jones, Gonzales and Lloyd",3217.03,33.28,,"Barton, Ward and Green",6.0,
PROD0768,Why Close,,Patel Inc,4097.34,,,Rodriguez-Davidson,0.0,
PROD0769,Act Customer,Footwear,"Zimmerman, Harris and Cooper",2168.33,,,Jackson PLC,0.0,1.6
PROD0770,Idea Wonder,Electronics,Morgan and Sons,1803.72,,610,Martinez and Sons,,
PROD0771,Travel Rock,Books,Brown Inc,1133.71,,373,"Burton, Newman and Chan",12.0,
PROD0772,Drive Across,Books,Taylor Ltd,1122.07,,,Schmidt-Smith,6.0,
PROD0773,Interesting Reduce,Clothing,Stephenson Ltd,1124.42,,965,"Price, Leonard and Gonzalez",,4.4
PROD0774,Hold Daughter,,"Mitchell, Obrien and Parker",8133.57,,,"Nicholson, Diaz and Nash",6.0,4.2
PROD0775,Increase More,Electronics,"Gonzalez, Gilbert and Lee",578.96,,,"Martinez, Lane and Martinez",12.0,
PROD0776,Add Toward,Electronics,Anderson Ltd,5051.04,49.98,432,Smith Ltd,24.0,
PROD0777,Professional Size,Sports,Weber-Burke,5209.45,,547,Hill LLC,12.0,2.8
PROD0778,Important Themselves,Clothing,Garcia-Clark,7326.87,22.49,,Lin Group,6.0,3.7
PROD0779,Scene Difficult,Home & Kitchen,Meyer LLC,7555.58,,190,"Smith, Kelly and Cox",24.0,3.9
PROD0780,Else Production,Clothing,"Molina, Fischer and Wilcox",6948.47,,980,Meza-Mccoy,,
PROD0781,Serve Sometimes,Clothing,Morris LLC,7491.01,,580,"Rodriguez, Morris and Sharp",12.0,
PROD0782,Movement Even,Books,"Norris, Phillips and Villegas",2118.29,,46,Rivera-Bell,24.0,2.8
PROD0783,Indeed Herself,,,6068.56,23.95,,Smith Inc,12.0,
PROD0784,Institution Unit,Electronics,,4069.17,,471,Miller LLC,12.0,
PROD0785,Hope Suggest,Sports,Wood Group,8561.25,,446,Davis-Owens,0.0,4.2
PROD0786,Method Trip,Clothing,Hall-Johnston,1459.13,29.53,,Chambers Group,,1.9
PROD0787,Your Authority,Footwear,Lyons Ltd,598.75,,,Adams and Sons,,
PROD0788,Myself Tough,Electronics,"Dillon, Rose and Burke",1563.78,,,Flores Group,,
PROD0789,Soldier Himself,Home & Kitchen,Hall-Lopez,9566.74,,,"Gonzalez, Thornton and Smith",,
PROD0790,View Skill,Home & Kitchen,Ryan-Gonzalez,4476.76,,,"Doyle, Newman and Moore",0.0,
PROD0791,Believe Music,Footwear,Romero-Hicks,2579.85,,,Ellis-Clark,,
PROD0792,Work Item,Sports,Curry-Powell,9664.89,,979,"Villegas, Pugh and Boyle",,
PROD0793,Bank Include,Clothing,Sparks Group,8585.37,,,Rasmussen-Watkins,0.0,
PROD0794,American Idea,Electronics,Hill-Anderson,1046.6,32.46,,Avila LLC,24.0,
PROD0795,Around Statement,Footwear,"Michael, Thompson and Munoz",9725.07,,,Galloway-Carroll,,1.3
PROD0796,Clear World,Clothing,Serrano-Chandler,4502.4,,,Myers-Myers,,
PROD0797,Nation Left,Books,Goodman Inc,2921.82,12.9,,Harper-Campbell,0.0,
PROD0798,Former Various,Footwear,Elliott-Cooper,2127.03,,496,Ortiz-Flynn,,2.2
PROD0799,Free Assume,Home & Kitchen,"Jenkins, Ochoa and Fox",3243.01,,,"Barnett, Rosales and Jones",,
PROD0800,Car Boy,Home & Kitchen,Henderson-Mckay,7785.91,,697,,0.0,
